               epoch,      train/box_loss,      train/obj_loss,      train/cls_loss,   metrics/precision,      metrics/recall,     metrics/mAP_0.5,metrics/mAP_0.5:0.95,        val/box_loss,        val/obj_loss,        val/cls_loss,               x/lr0,               x/lr1,               x/lr2
                   0,              0.0639,              0.0367,            0.048753,             0.53233,               0.689,             0.62062,             0.25459,            0.050409,            0.016006,            0.018868,             0.00313,             0.00313,             0.07183
                   1,            0.050201,            0.028112,            0.018077,             0.68302,             0.70972,             0.74949,             0.40792,            0.041701,            0.015946,            0.012211,           0.0062698,           0.0062698,             0.04357
                   2,            0.045704,            0.029069,            0.017956,             0.54365,              0.5627,             0.53479,             0.27301,            0.040471,            0.018993,            0.018221,           0.0094091,           0.0094091,            0.015309
                   3,            0.044373,            0.032746,            0.021215,             0.61888,             0.53142,             0.57085,             0.31454,            0.038498,            0.020249,            0.017168,           0.0099978,           0.0099978,           0.0099978
                   4,            0.041282,            0.032388,            0.020032,             0.57677,             0.55434,             0.54971,             0.29483,            0.040155,            0.020375,            0.017445,           0.0099978,           0.0099978,           0.0099978
                   5,            0.040166,            0.032564,            0.019161,             0.62431,             0.58341,             0.61039,             0.34866,            0.037354,            0.019797,            0.015484,           0.0099961,           0.0099961,           0.0099961
                   6,            0.039059,            0.032188,              0.0179,              0.6745,             0.60931,             0.64604,             0.38153,            0.035515,            0.019141,            0.014174,           0.0099938,           0.0099938,           0.0099938
                   7,             0.03717,            0.030286,            0.015915,             0.67461,             0.61433,             0.66603,             0.39659,            0.035986,            0.019361,            0.012755,           0.0099911,           0.0099911,           0.0099911
                   8,             0.03625,            0.030001,             0.01427,             0.66731,             0.64328,             0.68324,             0.40597,            0.035388,            0.018932,            0.013122,           0.0099879,           0.0099879,           0.0099879
                   9,            0.035413,            0.029625,            0.013973,             0.69522,             0.63251,             0.68008,             0.41349,            0.034227,            0.019038,            0.012197,           0.0099842,           0.0099842,           0.0099842
                  10,            0.035659,            0.029756,            0.014284,             0.71733,             0.62035,             0.68034,             0.41373,            0.034465,            0.019293,            0.012506,             0.00998,             0.00998,             0.00998
                  11,            0.034521,            0.029021,            0.013032,             0.71217,             0.66697,             0.71054,             0.43535,            0.033936,            0.018651,            0.010932,           0.0099753,           0.0099753,           0.0099753
                  12,             0.03408,            0.028931,             0.01197,              0.7249,             0.66832,             0.72132,             0.44074,            0.033401,            0.018966,            0.010234,           0.0099702,           0.0099702,           0.0099702
                  13,            0.032971,            0.027367,            0.010757,             0.72191,             0.66631,             0.71991,             0.44976,            0.032774,            0.018512,            0.010407,           0.0099645,           0.0099645,           0.0099645
                  14,            0.032613,            0.027572,            0.011634,             0.70165,             0.66012,             0.70637,             0.44008,            0.033615,            0.019261,             0.01135,           0.0099584,           0.0099584,           0.0099584
                  15,             0.03277,            0.027785,            0.012314,             0.74791,             0.64807,             0.72137,             0.45233,            0.033075,             0.01873,             0.01027,           0.0099517,           0.0099517,           0.0099517
                  16,             0.03246,            0.028133,            0.011461,             0.71207,             0.63522,             0.68525,              0.4255,            0.033735,             0.01947,            0.012589,           0.0099446,           0.0099446,           0.0099446
                  17,            0.032251,            0.027521,            0.011535,             0.75211,             0.65689,             0.72713,             0.46642,            0.032833,            0.019156,            0.010936,            0.009937,            0.009937,            0.009937
                  18,            0.031793,            0.026957,            0.010188,             0.74391,               0.681,             0.74002,             0.47383,              0.0325,             0.01884,           0.0098244,           0.0099289,           0.0099289,           0.0099289
                  19,            0.031037,            0.025757,           0.0094203,             0.73204,             0.71077,              0.7461,             0.48068,            0.032116,               0.019,           0.0099499,           0.0099203,           0.0099203,           0.0099203
                  20,            0.030453,            0.025975,           0.0091082,             0.74757,             0.68442,             0.73688,             0.47192,             0.03195,            0.019026,            0.010203,           0.0099112,           0.0099112,           0.0099112
                  21,            0.030186,            0.025656,           0.0093248,             0.75283,             0.69271,              0.7472,             0.48245,            0.031892,            0.018605,           0.0097052,           0.0099017,           0.0099017,           0.0099017
                  22,            0.030148,            0.025545,           0.0096162,              0.7284,             0.69759,             0.74125,             0.48007,            0.031766,            0.018778,            0.010038,           0.0098916,           0.0098916,           0.0098916
                  23,            0.030046,            0.025855,            0.008837,             0.74005,             0.68912,              0.7355,             0.47554,             0.03204,             0.01904,           0.0096124,           0.0098811,           0.0098811,           0.0098811
                  24,            0.029342,            0.024893,           0.0085209,             0.75785,             0.69183,             0.74904,             0.48737,            0.031557,            0.018697,           0.0090429,           0.0098701,           0.0098701,           0.0098701
                  25,            0.029276,            0.024901,           0.0082872,             0.73846,              0.6865,             0.73547,             0.47292,            0.031919,            0.019352,           0.0096797,           0.0098586,           0.0098586,           0.0098586
                  26,            0.029099,             0.02494,           0.0084385,             0.75151,             0.70405,             0.75281,             0.48921,            0.031106,            0.018757,           0.0091787,           0.0098467,           0.0098467,           0.0098467
                  27,            0.028909,            0.025102,           0.0088284,             0.75618,             0.69596,             0.74536,             0.48613,            0.031793,            0.019089,           0.0097832,           0.0098342,           0.0098342,           0.0098342
                  28,            0.028941,             0.02453,           0.0085523,             0.75896,             0.69928,             0.76267,              0.5063,            0.031301,            0.018831,           0.0098848,           0.0098213,           0.0098213,           0.0098213
                  29,            0.028659,            0.024587,           0.0086649,             0.77195,             0.70613,             0.76565,             0.50133,              0.0313,            0.018898,           0.0090175,           0.0098079,           0.0098079,           0.0098079
                  30,            0.028276,            0.024566,           0.0082578,             0.76406,             0.71461,             0.76064,             0.49929,            0.031353,            0.019223,           0.0090648,           0.0097941,           0.0097941,           0.0097941
                  31,            0.028088,             0.02398,           0.0086388,             0.74892,             0.68808,             0.73181,             0.47995,            0.032746,            0.019904,            0.010603,           0.0097798,           0.0097798,           0.0097798
                  32,            0.027817,            0.023848,           0.0075566,             0.75404,             0.71216,             0.75197,             0.49462,             0.03176,            0.019392,           0.0090668,            0.009765,            0.009765,            0.009765
                  33,            0.027686,            0.023451,           0.0076334,             0.77914,             0.71934,             0.76742,             0.51276,            0.031237,            0.019406,           0.0090779,           0.0097497,           0.0097497,           0.0097497
                  34,            0.027318,            0.023342,           0.0075689,             0.78158,             0.71024,              0.7651,             0.50549,            0.031222,            0.019055,           0.0086857,            0.009734,            0.009734,            0.009734
                  35,            0.027232,            0.023305,           0.0072977,             0.78509,             0.70504,             0.76715,             0.51039,            0.031301,            0.019318,           0.0091902,           0.0097178,           0.0097178,           0.0097178
                  36,             0.02684,            0.023209,           0.0075631,             0.77301,             0.69648,             0.75347,             0.49527,            0.031619,            0.019625,           0.0094745,           0.0097011,           0.0097011,           0.0097011
                  37,            0.026852,             0.02288,           0.0073874,              0.7705,             0.71899,             0.76398,             0.51157,            0.031078,            0.019693,            0.008927,            0.009684,            0.009684,            0.009684
                  38,             0.02661,            0.022913,           0.0071423,              0.7598,             0.72789,             0.76863,             0.51658,            0.031298,            0.019181,           0.0091687,           0.0096664,           0.0096664,           0.0096664
                  39,            0.027165,            0.023239,           0.0076066,             0.76784,             0.72517,             0.76742,             0.51394,            0.031235,            0.019616,           0.0093055,           0.0096484,           0.0096484,           0.0096484
                  40,            0.026995,            0.022794,           0.0071058,              0.7806,             0.72077,             0.77027,             0.51664,            0.031313,            0.019561,           0.0088868,           0.0096299,           0.0096299,           0.0096299
                  41,            0.026517,            0.022209,           0.0066992,             0.78898,             0.72113,             0.77647,             0.51488,            0.031291,            0.019936,           0.0090547,            0.009611,            0.009611,            0.009611
                  42,            0.026142,            0.022621,           0.0067338,             0.79729,             0.71354,             0.77658,             0.51941,            0.030831,            0.019534,           0.0085454,           0.0095916,           0.0095916,           0.0095916
                  43,            0.026261,            0.022585,           0.0067221,              0.7881,             0.70625,             0.76869,             0.51602,             0.03097,            0.019554,           0.0087418,           0.0095717,           0.0095717,           0.0095717
                  44,            0.025947,            0.022125,           0.0064616,             0.77874,              0.7122,             0.76527,             0.51535,            0.030833,            0.019929,           0.0090591,           0.0095514,           0.0095514,           0.0095514
                  45,            0.026007,            0.022454,           0.0068193,             0.79458,             0.69836,             0.76318,             0.51633,            0.031198,            0.019613,           0.0095259,           0.0095307,           0.0095307,           0.0095307
                  46,            0.025776,            0.022112,           0.0067984,             0.78724,             0.71882,             0.77277,             0.52288,            0.031196,            0.020004,           0.0092511,           0.0095095,           0.0095095,           0.0095095
                  47,            0.025765,            0.021892,           0.0063315,             0.77831,             0.72476,             0.76874,             0.51851,            0.031082,            0.019701,           0.0089524,           0.0094879,           0.0094879,           0.0094879
                  48,            0.025343,            0.022179,           0.0063579,             0.80052,             0.70746,             0.76973,             0.51821,            0.030921,            0.019936,           0.0088516,           0.0094659,           0.0094659,           0.0094659
                  49,            0.025565,            0.022379,           0.0066298,              0.7631,             0.74296,              0.7694,             0.52212,            0.031251,            0.020109,           0.0088308,           0.0094434,           0.0094434,           0.0094434
                  50,            0.025261,            0.021987,           0.0061818,             0.80128,             0.70687,             0.77172,             0.52502,            0.030863,            0.019841,           0.0089409,           0.0094205,           0.0094205,           0.0094205
                  51,            0.025208,            0.021558,           0.0063818,             0.80677,              0.7115,             0.77078,             0.52487,            0.031082,            0.020313,           0.0090533,           0.0093971,           0.0093971,           0.0093971
                  52,            0.025506,            0.021947,            0.006628,              0.7683,             0.71892,              0.7588,             0.51217,            0.031139,                0.02,           0.0092261,           0.0093733,           0.0093733,           0.0093733
                  53,             0.02523,            0.022054,           0.0066708,             0.77658,             0.72093,             0.76651,             0.52035,            0.031139,            0.020037,           0.0092243,           0.0093491,           0.0093491,           0.0093491
                  54,            0.024744,            0.021299,           0.0060432,             0.79077,             0.72045,             0.77219,             0.52387,            0.031167,            0.019985,           0.0094167,           0.0093245,           0.0093245,           0.0093245
                  55,             0.02486,            0.021517,           0.0067736,             0.81126,             0.71117,             0.77465,             0.52705,            0.031031,            0.020167,           0.0089091,           0.0092995,           0.0092995,           0.0092995
                  56,             0.02466,             0.02168,           0.0060077,             0.78221,             0.71844,              0.7688,             0.52285,            0.031248,            0.020089,            0.010126,            0.009274,            0.009274,            0.009274
                  57,            0.024577,            0.021018,           0.0059446,             0.77445,             0.73219,             0.77214,             0.52314,            0.030727,            0.020116,           0.0092729,           0.0092481,           0.0092481,           0.0092481
                  58,            0.024445,            0.020949,           0.0060175,             0.77981,             0.72595,             0.77327,             0.52604,            0.030593,            0.020027,            0.009101,           0.0092219,           0.0092219,           0.0092219
                  59,            0.024576,            0.021434,           0.0059729,             0.79677,             0.72545,             0.77632,             0.52517,             0.03099,             0.02044,           0.0088725,           0.0091952,           0.0091952,           0.0091952
                  60,            0.024632,            0.021023,           0.0062826,             0.80678,             0.70427,             0.77128,             0.52773,            0.030734,            0.020221,            0.009159,           0.0091681,           0.0091681,           0.0091681
                  61,            0.024449,            0.021436,           0.0063086,             0.77654,             0.72857,             0.76721,             0.52634,            0.030764,            0.020215,           0.0095023,           0.0091406,           0.0091406,           0.0091406
                  62,            0.024461,              0.0212,            0.006233,             0.77699,             0.73763,             0.77585,             0.53064,            0.030886,            0.020211,           0.0092335,           0.0091127,           0.0091127,           0.0091127
                  63,             0.02461,            0.021762,           0.0064934,             0.81134,             0.70346,             0.77408,             0.52462,            0.030804,            0.019958,           0.0086544,           0.0090844,           0.0090844,           0.0090844
                  64,            0.024649,            0.021358,           0.0059776,             0.78908,             0.71637,              0.7702,             0.52734,            0.030762,            0.020233,           0.0088876,           0.0090557,           0.0090557,           0.0090557
                  65,            0.024075,            0.020694,            0.005884,             0.80339,             0.71415,             0.77374,             0.53149,            0.030568,            0.020214,           0.0091211,           0.0090266,           0.0090266,           0.0090266
                  66,             0.02396,            0.020869,           0.0059557,             0.79077,             0.73019,             0.77942,             0.53651,            0.030582,            0.019885,           0.0090959,           0.0089972,           0.0089972,           0.0089972
                  67,            0.023871,             0.02068,            0.005781,             0.80392,             0.71971,             0.77798,             0.53502,            0.030699,             0.02033,           0.0092126,           0.0089673,           0.0089673,           0.0089673
                  68,            0.023596,            0.020546,           0.0054914,             0.79296,             0.73137,             0.77848,             0.53544,            0.030571,              0.0205,           0.0092512,           0.0089371,           0.0089371,           0.0089371
                  69,             0.02367,            0.020496,           0.0057355,             0.80256,             0.72666,             0.77568,             0.53504,            0.030741,            0.020699,           0.0091983,           0.0089065,           0.0089065,           0.0089065
                  70,            0.023184,             0.02039,            0.005348,             0.79124,             0.73574,             0.78027,             0.53741,            0.030309,            0.020321,           0.0089129,           0.0088755,           0.0088755,           0.0088755
                  71,            0.023439,            0.020338,           0.0057011,             0.80141,             0.71684,             0.77536,             0.53268,            0.030584,            0.020635,           0.0095284,           0.0088442,           0.0088442,           0.0088442
                  72,            0.023257,            0.020249,           0.0057503,             0.80548,             0.71982,             0.77344,             0.53237,            0.030476,            0.020711,           0.0093284,           0.0088124,           0.0088124,           0.0088124
                  73,            0.023185,            0.020163,           0.0054395,             0.79233,             0.72499,             0.77541,             0.53384,            0.030524,             0.02042,           0.0091715,           0.0087804,           0.0087804,           0.0087804
                  74,            0.023251,            0.020024,           0.0055989,             0.80333,             0.72069,             0.77647,             0.53717,             0.03062,            0.020708,           0.0089066,           0.0087479,           0.0087479,           0.0087479
                  75,            0.023049,            0.020058,           0.0053568,             0.80349,             0.72754,             0.77737,             0.54067,            0.030677,            0.020883,           0.0089147,           0.0087151,           0.0087151,           0.0087151
                  76,            0.022956,            0.019935,           0.0052025,             0.80261,             0.72739,             0.77982,              0.5426,            0.030406,            0.020528,           0.0085963,            0.008682,            0.008682,            0.008682
                  77,            0.022752,            0.019707,           0.0053364,             0.81719,             0.71823,             0.77826,             0.53941,            0.030518,            0.020583,           0.0087232,           0.0086485,           0.0086485,           0.0086485
                  78,            0.023055,            0.020066,           0.0059213,             0.79894,             0.73068,             0.77911,             0.53876,            0.030474,             0.02063,           0.0091771,           0.0086146,           0.0086146,           0.0086146
                  79,            0.022711,            0.020135,           0.0052738,             0.82462,             0.71871,             0.78142,             0.54118,            0.030677,             0.02092,           0.0092983,           0.0085805,           0.0085805,           0.0085805
                  80,            0.022677,            0.020057,            0.005429,             0.81417,              0.7182,             0.77817,             0.53873,            0.030423,            0.020908,           0.0088893,           0.0085459,           0.0085459,           0.0085459
                  81,            0.022541,            0.020017,           0.0051228,             0.79817,             0.72454,             0.77805,             0.54006,             0.03041,            0.020703,           0.0093338,           0.0085111,           0.0085111,           0.0085111
                  82,            0.022775,            0.019762,           0.0053414,             0.79127,             0.72725,             0.77742,              0.5365,            0.030557,            0.020778,           0.0089499,           0.0084759,           0.0084759,           0.0084759
                  83,            0.022414,            0.019691,           0.0054787,             0.80353,              0.7244,              0.7791,             0.53906,            0.030581,            0.020657,           0.0088305,           0.0084404,           0.0084404,           0.0084404
                  84,            0.022593,            0.019513,           0.0055056,              0.7922,             0.73199,             0.78145,             0.54426,             0.03059,            0.020896,           0.0091947,           0.0084046,           0.0084046,           0.0084046
                  85,            0.022601,            0.019601,           0.0048763,             0.81436,             0.71748,             0.78143,             0.54326,            0.030359,             0.02094,           0.0091415,           0.0083684,           0.0083684,           0.0083684
                  86,            0.022354,            0.019285,            0.005537,             0.80785,             0.71934,             0.78023,             0.54202,            0.030432,            0.021068,           0.0087434,           0.0083319,           0.0083319,           0.0083319
                  87,            0.022404,             0.01969,           0.0051939,              0.8035,             0.72092,             0.77429,             0.53887,             0.03034,             0.02094,           0.0090843,           0.0082952,           0.0082952,           0.0082952
                  88,            0.022018,            0.019525,           0.0049275,             0.81162,             0.73345,             0.78434,             0.54722,            0.030284,            0.021202,           0.0089312,           0.0082581,           0.0082581,           0.0082581
                  89,            0.021874,             0.01926,           0.0051397,             0.81159,             0.73667,              0.7827,             0.54599,            0.030332,            0.020929,           0.0087146,           0.0082207,           0.0082207,           0.0082207
                  90,            0.022025,            0.019505,           0.0051422,             0.80171,             0.74075,              0.7833,             0.54546,            0.030633,            0.020946,           0.0091227,            0.008183,            0.008183,            0.008183
                  91,            0.021898,            0.019039,           0.0047804,             0.81834,             0.73013,             0.78686,             0.54656,            0.030386,            0.020937,           0.0089907,            0.008145,            0.008145,            0.008145
                  92,            0.021887,            0.019092,           0.0047952,             0.80318,             0.73481,               0.784,             0.54585,            0.030453,            0.021408,            0.009349,           0.0081068,           0.0081068,           0.0081068
                  93,            0.021758,            0.018896,           0.0049942,             0.82144,             0.72039,             0.78385,             0.54741,            0.030634,            0.021584,            0.009517,           0.0080682,           0.0080682,           0.0080682
                  94,            0.021874,             0.01912,           0.0051645,             0.81011,             0.73364,             0.78706,             0.54648,            0.030488,            0.021031,           0.0090807,           0.0080294,           0.0080294,           0.0080294
                  95,            0.021929,            0.018957,           0.0049863,             0.81782,             0.71748,             0.78356,             0.54675,             0.03035,            0.021088,           0.0090115,           0.0079903,           0.0079903,           0.0079903
                  96,            0.021772,             0.01907,            0.005117,             0.82377,             0.71159,              0.7819,             0.54554,              0.0303,            0.021402,           0.0089839,           0.0079509,           0.0079509,           0.0079509
                  97,            0.021795,            0.018954,           0.0050841,             0.80878,             0.72887,             0.78499,             0.54963,            0.030091,            0.021237,           0.0089235,           0.0079112,           0.0079112,           0.0079112
                  98,            0.021983,            0.018786,             0.00468,             0.80911,              0.7402,             0.78769,             0.55077,            0.030169,             0.02116,           0.0087325,           0.0078713,           0.0078713,           0.0078713
                  99,            0.021435,            0.018442,            0.004697,             0.83989,             0.71309,             0.78581,             0.55126,            0.030179,            0.021169,           0.0087417,           0.0078311,           0.0078311,           0.0078311
                 100,            0.021496,            0.018651,           0.0047056,              0.8279,             0.73063,             0.78981,             0.55654,            0.030154,            0.021248,           0.0085864,           0.0077907,           0.0077907,           0.0077907
                 101,            0.021082,            0.018747,           0.0046756,             0.80456,             0.73425,             0.78499,             0.55311,             0.03044,            0.021552,           0.0088416,             0.00775,             0.00775,             0.00775
                 102,            0.021348,            0.018653,             0.00477,              0.8317,             0.71681,             0.78733,             0.55149,            0.030277,             0.02133,           0.0087748,           0.0077091,           0.0077091,           0.0077091
                 103,            0.021197,            0.018426,           0.0047502,             0.80595,             0.73564,             0.78972,             0.55385,            0.030296,            0.021201,           0.0085828,           0.0076679,           0.0076679,           0.0076679
                 104,            0.020904,            0.018481,            0.004744,             0.82417,             0.72331,             0.78696,             0.55242,            0.030393,            0.021221,           0.0088656,           0.0076265,           0.0076265,           0.0076265
                 105,            0.021071,            0.018555,           0.0047102,             0.80517,             0.74456,             0.78816,             0.55388,            0.030301,            0.021329,           0.0088961,           0.0075848,           0.0075848,           0.0075848
                 106,            0.021343,            0.018588,           0.0046821,             0.81249,              0.7309,             0.78659,             0.55271,            0.030195,            0.021456,           0.0089428,            0.007543,            0.007543,            0.007543
                 107,            0.020603,            0.018171,           0.0043482,             0.82789,             0.71897,             0.78646,             0.55416,            0.030233,            0.021402,           0.0088807,           0.0075009,           0.0075009,           0.0075009
                 108,            0.020813,            0.018315,           0.0045417,             0.80688,             0.73843,             0.78768,             0.55385,            0.030276,            0.021524,           0.0087552,           0.0074585,           0.0074585,           0.0074585
                 109,             0.02044,            0.017918,           0.0043181,             0.82289,             0.73018,             0.78881,             0.55398,             0.03028,             0.02164,           0.0088291,            0.007416,            0.007416,            0.007416
                 110,            0.020922,            0.018374,           0.0049089,             0.81434,             0.73276,             0.78637,              0.5534,            0.030202,            0.021348,           0.0089055,           0.0073733,           0.0073733,           0.0073733
                 111,            0.020893,            0.018472,           0.0046863,             0.81913,             0.73319,             0.78737,             0.55271,            0.030269,            0.021412,           0.0089649,           0.0073303,           0.0073303,           0.0073303
                 112,            0.020557,            0.018156,           0.0043403,             0.82747,             0.72419,             0.78592,             0.55408,            0.030426,            0.021592,           0.0091153,           0.0072872,           0.0072872,           0.0072872
                 113,            0.020527,            0.018296,            0.004664,             0.81692,             0.73332,             0.78664,             0.55437,            0.030386,            0.021725,           0.0088855,           0.0072438,           0.0072438,           0.0072438
                 114,            0.020606,            0.017784,           0.0044362,             0.82647,             0.72831,             0.78795,             0.55552,            0.030303,            0.021824,           0.0089578,           0.0072003,           0.0072003,           0.0072003
                 115,            0.020261,            0.017925,           0.0043604,             0.81219,             0.73644,             0.78656,              0.5559,            0.030304,            0.022079,           0.0090542,           0.0071566,           0.0071566,           0.0071566
                 116,            0.020268,            0.017446,           0.0041522,              0.8148,             0.73626,              0.7859,             0.55472,            0.030165,             0.02197,           0.0089665,           0.0071127,           0.0071127,           0.0071127
                 117,            0.020272,            0.017724,           0.0043409,             0.81772,              0.7345,             0.78989,             0.55691,            0.030138,            0.021643,            0.008817,           0.0070686,           0.0070686,           0.0070686
                 118,            0.020239,            0.017821,           0.0042809,             0.80658,             0.73928,             0.78602,             0.55298,            0.030226,            0.021768,           0.0090006,           0.0070243,           0.0070243,           0.0070243
                 119,            0.020193,            0.017726,           0.0041888,             0.82331,              0.7257,              0.7876,             0.55502,             0.03006,            0.021722,           0.0089938,           0.0069799,           0.0069799,           0.0069799
                 120,            0.020159,            0.017919,           0.0046593,             0.83074,             0.72062,             0.78653,             0.55388,            0.030056,            0.021761,           0.0089826,           0.0069353,           0.0069353,           0.0069353
                 121,            0.020126,            0.017713,           0.0041696,             0.82862,             0.72377,             0.78713,             0.55378,            0.029897,            0.021614,           0.0092149,           0.0068906,           0.0068906,           0.0068906
                 122,            0.019796,            0.017448,           0.0040702,             0.81584,             0.73238,              0.7848,             0.55399,            0.029904,            0.021723,           0.0091303,           0.0068457,           0.0068457,           0.0068457
                 123,            0.019807,            0.017463,           0.0041364,             0.81692,             0.73271,             0.78603,             0.55309,            0.029909,            0.021777,           0.0090769,           0.0068006,           0.0068006,           0.0068006
                 124,            0.019877,            0.017613,           0.0042031,             0.82249,             0.72935,             0.78926,             0.55858,            0.029956,            0.021748,               0.009,           0.0067555,           0.0067555,           0.0067555
                 125,            0.019733,            0.017413,           0.0042231,             0.83676,             0.72028,              0.7885,             0.55871,            0.030058,            0.021842,           0.0089305,           0.0067101,           0.0067101,           0.0067101
                 126,            0.019571,            0.016787,           0.0042335,             0.80893,             0.74017,             0.78784,             0.55835,            0.030091,            0.021998,           0.0088681,           0.0066647,           0.0066647,           0.0066647
                 127,             0.01934,            0.017057,           0.0042237,             0.82032,             0.73167,             0.78766,             0.55842,            0.030123,            0.022087,           0.0089216,           0.0066191,           0.0066191,           0.0066191
                 128,            0.019559,            0.017291,           0.0041104,             0.80545,             0.74804,             0.78969,             0.55949,             0.03014,             0.02209,           0.0090717,           0.0065734,           0.0065734,           0.0065734
                 129,            0.019608,            0.017361,           0.0039766,             0.80053,             0.75347,             0.78879,             0.55979,            0.030109,            0.022225,           0.0091073,           0.0065276,           0.0065276,           0.0065276
                 130,            0.019395,             0.01727,           0.0040016,             0.81716,             0.74036,             0.78819,             0.56147,            0.030057,            0.022288,           0.0090756,           0.0064816,           0.0064816,           0.0064816
                 131,            0.019228,            0.017016,           0.0039307,             0.82823,             0.73465,             0.78956,             0.56196,            0.030046,            0.022252,           0.0091473,           0.0064356,           0.0064356,           0.0064356
                 132,            0.019276,            0.017018,           0.0037601,             0.83053,             0.73318,             0.78801,             0.56073,            0.030115,            0.022427,           0.0093747,           0.0063895,           0.0063895,           0.0063895
                 133,            0.019406,            0.017109,            0.004311,              0.8319,             0.73103,             0.78869,              0.5601,            0.030156,            0.022393,           0.0094234,           0.0063432,           0.0063432,           0.0063432
                 134,            0.019126,            0.017013,           0.0038874,             0.84418,             0.72207,             0.78963,             0.56132,            0.030127,            0.022469,           0.0093443,           0.0062969,           0.0062969,           0.0062969
                 135,            0.019374,            0.017034,            0.004058,             0.83758,             0.72468,             0.79041,             0.56318,            0.030149,            0.022405,           0.0094234,           0.0062505,           0.0062505,           0.0062505
                 136,            0.019046,            0.017089,           0.0038894,             0.82549,             0.73703,             0.79154,              0.5641,            0.030142,            0.022331,           0.0093516,            0.006204,            0.006204,            0.006204
                 137,             0.01874,            0.016624,           0.0039443,              0.8325,             0.73316,              0.7929,             0.56632,            0.030169,            0.022276,           0.0092609,           0.0061574,           0.0061574,           0.0061574
                 138,            0.018936,            0.016869,           0.0038218,             0.82915,             0.73326,              0.7915,             0.56594,            0.030153,            0.022254,           0.0091942,           0.0061107,           0.0061107,           0.0061107
                 139,            0.019046,            0.016898,           0.0039964,             0.81679,              0.7442,             0.79085,             0.56473,            0.030132,            0.022243,           0.0092084,            0.006064,            0.006064,            0.006064
                 140,            0.018922,            0.016846,           0.0039475,             0.83323,             0.73109,             0.78923,             0.56333,            0.030128,            0.022415,           0.0093746,           0.0060172,           0.0060172,           0.0060172
                 141,            0.018938,            0.016821,           0.0040841,             0.81863,             0.74028,             0.78918,             0.56359,            0.030121,            0.022488,           0.0093431,           0.0059704,           0.0059704,           0.0059704
                 142,            0.019232,             0.01709,           0.0041706,               0.823,             0.73382,             0.78818,             0.56283,            0.030154,            0.022521,           0.0093727,           0.0059235,           0.0059235,           0.0059235
                 143,            0.018933,             0.01677,           0.0040903,             0.81555,             0.74223,             0.78846,             0.56397,            0.030134,            0.022456,           0.0092133,           0.0058766,           0.0058766,           0.0058766
                 144,            0.018602,            0.016831,            0.004203,              0.8225,             0.73455,             0.78729,             0.56263,            0.030137,             0.02252,           0.0091823,           0.0058296,           0.0058296,           0.0058296
                 145,            0.018437,            0.016396,           0.0038857,             0.82316,             0.73349,             0.78842,             0.56269,            0.030113,            0.022607,           0.0091714,           0.0057826,           0.0057826,           0.0057826
                 146,            0.018466,            0.016391,           0.0039923,              0.8232,             0.73853,             0.78789,             0.56243,            0.030125,            0.022625,           0.0091112,           0.0057355,           0.0057355,           0.0057355
                 147,            0.018941,             0.01696,           0.0039474,             0.82036,             0.74673,              0.7899,              0.5633,            0.030147,            0.022618,            0.009085,           0.0056884,           0.0056884,           0.0056884
                 148,            0.018632,            0.016533,            0.003681,             0.82905,             0.74157,              0.7896,             0.56239,            0.030154,             0.02267,           0.0090493,           0.0056413,           0.0056413,           0.0056413
                 149,            0.018236,            0.016235,           0.0036902,             0.83264,             0.73954,             0.78948,             0.56213,            0.030114,            0.022711,           0.0090261,           0.0055942,           0.0055942,           0.0055942
                 150,            0.018474,            0.016639,           0.0038964,             0.83026,             0.73978,              0.7888,              0.5636,             0.03009,            0.022794,           0.0090692,           0.0055471,           0.0055471,           0.0055471
                 151,             0.01876,            0.016826,           0.0040033,             0.82483,             0.74439,             0.78914,             0.56391,            0.030031,            0.022708,           0.0089978,              0.0055,              0.0055,              0.0055
                 152,            0.018529,            0.016483,           0.0037616,              0.8259,             0.73923,             0.78955,             0.56343,            0.030031,            0.022762,           0.0091061,           0.0054529,           0.0054529,           0.0054529
                 153,            0.018272,            0.016502,            0.003647,             0.81246,             0.75094,             0.79078,             0.56483,             0.03002,            0.022836,           0.0091542,           0.0054058,           0.0054058,           0.0054058
                 154,            0.018286,            0.016062,           0.0036829,             0.82311,             0.74234,             0.78988,             0.56458,             0.03007,            0.022899,             0.00919,           0.0053587,           0.0053587,           0.0053587
                 155,            0.018146,            0.016327,           0.0037542,             0.82642,             0.73907,             0.79003,             0.56479,            0.030095,            0.022899,           0.0092156,           0.0053116,           0.0053116,           0.0053116
                 156,            0.017894,            0.016239,           0.0035384,             0.82482,             0.74065,             0.79121,             0.56555,            0.030095,              0.0229,           0.0092063,           0.0052645,           0.0052645,           0.0052645
                 157,            0.018068,            0.016193,           0.0036863,             0.81823,              0.7434,             0.79162,             0.56546,            0.030099,            0.022898,           0.0092705,           0.0052174,           0.0052174,           0.0052174
                 158,            0.017814,             0.01586,           0.0036204,             0.81899,             0.74479,              0.7922,             0.56678,            0.030088,            0.022925,           0.0093429,           0.0051704,           0.0051704,           0.0051704
                 159,            0.017888,            0.015986,           0.0035977,             0.83727,              0.7289,             0.79196,             0.56619,            0.030115,            0.023029,            0.009386,           0.0051234,           0.0051234,           0.0051234
                 160,            0.017751,            0.015667,           0.0033563,             0.83591,              0.7293,             0.79153,              0.5661,            0.030125,            0.023135,           0.0093555,           0.0050765,           0.0050765,           0.0050765
                 161,            0.017815,            0.015864,           0.0035787,             0.83046,             0.73472,             0.79229,             0.56639,            0.030129,            0.023173,           0.0093299,           0.0050296,           0.0050296,           0.0050296
                 162,             0.01758,             0.01571,           0.0034312,             0.84344,             0.72572,             0.79137,             0.56597,            0.030134,            0.023257,           0.0093117,           0.0049828,           0.0049828,           0.0049828
                 163,            0.017673,            0.015808,           0.0033637,             0.83929,             0.73251,             0.79172,             0.56619,            0.030141,            0.023339,           0.0092575,            0.004936,            0.004936,            0.004936
                 164,            0.017461,            0.015717,           0.0034477,             0.84118,             0.73152,             0.79151,             0.56608,            0.030129,            0.023375,           0.0092084,           0.0048893,           0.0048893,           0.0048893
                 165,            0.017268,            0.015089,           0.0032908,              0.8413,             0.73114,             0.79175,             0.56635,            0.030129,            0.023412,            0.009204,           0.0048426,           0.0048426,           0.0048426
                 166,            0.017312,            0.015303,           0.0032333,             0.83407,             0.73784,             0.79164,             0.56566,            0.030143,            0.023471,           0.0092409,            0.004796,            0.004796,            0.004796
                 167,            0.017047,            0.015457,           0.0034161,             0.84216,             0.73126,             0.79135,             0.56569,            0.030159,             0.02352,            0.009308,           0.0047495,           0.0047495,           0.0047495
                 168,            0.017175,            0.015348,           0.0031406,             0.84355,             0.73058,              0.7912,             0.56535,            0.030175,            0.023536,           0.0093378,           0.0047031,           0.0047031,           0.0047031
                 169,            0.017383,            0.015658,           0.0034851,             0.84514,             0.72788,             0.79077,             0.56494,            0.030161,             0.02356,           0.0093772,           0.0046568,           0.0046568,           0.0046568
                 170,            0.017251,            0.015622,           0.0036918,             0.84564,             0.72932,             0.79008,             0.56472,            0.030164,            0.023546,           0.0094264,           0.0046105,           0.0046105,           0.0046105
                 171,            0.017185,            0.015448,           0.0034246,             0.84404,             0.73087,             0.78965,             0.56485,            0.030162,            0.023551,           0.0094203,           0.0045644,           0.0045644,           0.0045644
                 172,             0.01739,            0.015269,           0.0033125,             0.84359,             0.73173,             0.78943,             0.56526,            0.030169,            0.023563,           0.0094152,           0.0045184,           0.0045184,           0.0045184
                 173,            0.016948,            0.015083,           0.0033406,             0.85174,             0.72479,             0.78914,             0.56546,            0.030178,            0.023552,           0.0093926,           0.0044724,           0.0044724,           0.0044724
                 174,            0.016998,            0.015267,            0.003202,             0.84079,             0.73356,             0.78903,             0.56581,            0.030198,            0.023588,           0.0094085,           0.0044266,           0.0044266,           0.0044266
                 175,            0.016908,            0.015033,           0.0030262,             0.83721,             0.73445,              0.7888,              0.5658,            0.030222,            0.023613,           0.0094333,           0.0043809,           0.0043809,           0.0043809
                 176,            0.017061,             0.01527,           0.0030965,             0.84408,             0.72961,             0.78859,             0.56602,            0.030246,            0.023657,           0.0094922,           0.0043353,           0.0043353,           0.0043353
                 177,            0.016848,            0.015174,           0.0033959,             0.84567,             0.72925,             0.78828,             0.56611,            0.030243,            0.023699,           0.0095346,           0.0042899,           0.0042899,           0.0042899
                 178,            0.016672,            0.014614,           0.0031566,             0.84984,             0.72502,             0.78777,             0.56618,            0.030243,            0.023743,           0.0095539,           0.0042445,           0.0042445,           0.0042445
                 179,            0.016562,            0.014846,           0.0029942,             0.84632,             0.72583,             0.78668,             0.56573,            0.030244,            0.023785,           0.0095724,           0.0041994,           0.0041994,           0.0041994
                 180,            0.016549,            0.014934,           0.0030936,             0.84767,             0.72557,             0.78704,             0.56557,            0.030251,            0.023818,            0.009607,           0.0041543,           0.0041543,           0.0041543
                 181,            0.016626,            0.015042,           0.0033115,              0.8522,             0.72222,              0.7873,             0.56627,            0.030253,            0.023837,           0.0096389,           0.0041094,           0.0041094,           0.0041094
                 182,            0.016716,            0.015164,           0.0033074,             0.84384,             0.72604,             0.78718,             0.56667,            0.030242,            0.023852,            0.009643,           0.0040647,           0.0040647,           0.0040647
                 183,            0.016616,            0.014934,           0.0032079,             0.84332,             0.72572,             0.78735,             0.56706,            0.030233,             0.02387,           0.0096571,           0.0040201,           0.0040201,           0.0040201
                 184,             0.01653,            0.014827,           0.0030979,             0.84512,             0.72319,             0.78732,             0.56687,            0.030229,            0.023918,            0.009685,           0.0039757,           0.0039757,           0.0039757
                 185,            0.016066,             0.01464,           0.0028774,              0.8155,             0.74408,             0.78666,             0.56656,             0.03023,            0.023962,            0.009719,           0.0039314,           0.0039314,           0.0039314
                 186,            0.016149,            0.014611,             0.00304,             0.83567,             0.72788,             0.78656,             0.56635,            0.030218,            0.024006,           0.0097222,           0.0038873,           0.0038873,           0.0038873
                 187,            0.016094,            0.014536,            0.002771,              0.8389,              0.7261,             0.78656,             0.56646,            0.030222,            0.024063,            0.009735,           0.0038434,           0.0038434,           0.0038434
                 188,            0.016111,            0.014346,           0.0031119,              0.8274,             0.73457,             0.78656,             0.56595,            0.030225,            0.024107,           0.0097435,           0.0037997,           0.0037997,           0.0037997
                 189,            0.016116,            0.014543,           0.0029139,             0.83713,             0.72668,             0.78618,              0.5656,            0.030223,            0.024144,           0.0097275,           0.0037562,           0.0037562,           0.0037562
                 190,            0.016231,            0.014379,           0.0030387,             0.83598,             0.72888,             0.78645,              0.5659,            0.030224,             0.02417,           0.0097178,           0.0037128,           0.0037128,           0.0037128
                 191,            0.015879,            0.014403,           0.0028404,             0.82889,             0.73335,             0.78697,             0.56607,            0.030222,            0.024177,           0.0097062,           0.0036697,           0.0036697,           0.0036697
                 192,            0.015717,            0.014089,           0.0027406,             0.83101,             0.73133,             0.78665,             0.56647,            0.030229,            0.024208,           0.0097173,           0.0036267,           0.0036267,           0.0036267
                 193,            0.015941,            0.014465,           0.0027257,             0.83079,             0.73087,             0.78683,             0.56638,             0.03023,            0.024226,           0.0097238,            0.003584,            0.003584,            0.003584
                 194,            0.015637,             0.01417,           0.0026881,             0.83138,             0.72982,             0.78661,             0.56585,            0.030244,            0.024263,           0.0097478,           0.0035415,           0.0035415,           0.0035415
                 195,            0.015634,            0.014263,           0.0029377,             0.83221,             0.72983,             0.78641,             0.56564,            0.030247,            0.024301,           0.0097594,           0.0034991,           0.0034991,           0.0034991
                 196,             0.01569,            0.013996,           0.0027978,             0.84233,             0.72201,             0.78663,             0.56552,            0.030247,            0.024336,            0.009778,            0.003457,            0.003457,            0.003457
                 197,            0.015551,            0.013643,           0.0027127,             0.82883,               0.732,             0.78649,             0.56603,            0.030255,            0.024371,           0.0097982,           0.0034152,           0.0034152,           0.0034152
                 198,            0.015587,            0.013937,           0.0028072,             0.82238,             0.73722,             0.78704,             0.56669,            0.030265,            0.024415,           0.0098145,           0.0033735,           0.0033735,           0.0033735
                 199,             0.01531,            0.013909,           0.0026761,             0.82224,             0.73699,             0.78666,             0.56623,            0.030269,            0.024445,           0.0098227,           0.0033321,           0.0033321,           0.0033321
                 200,             0.01536,            0.014038,           0.0025585,             0.81988,             0.73783,             0.78664,             0.56637,            0.030278,            0.024472,           0.0098277,           0.0032909,           0.0032909,           0.0032909
                 201,            0.015304,             0.01356,           0.0025537,             0.82462,             0.73443,             0.78625,             0.56642,            0.030278,            0.024497,           0.0098242,             0.00325,             0.00325,             0.00325
                 202,            0.015218,            0.013792,            0.002602,             0.82339,             0.73514,             0.78571,             0.56635,            0.030277,            0.024521,           0.0098102,           0.0032093,           0.0032093,           0.0032093
                 203,            0.015178,            0.013852,           0.0027204,             0.82839,             0.73133,             0.78604,             0.56676,             0.03028,            0.024545,           0.0097983,           0.0031689,           0.0031689,           0.0031689
                 204,            0.015148,            0.013882,            0.002624,             0.82762,             0.73243,               0.786,             0.56669,            0.030284,            0.024569,           0.0097973,           0.0031287,           0.0031287,           0.0031287
                 205,            0.015045,             0.01362,           0.0024975,             0.83462,             0.72685,             0.78579,             0.56699,            0.030291,            0.024596,           0.0098041,           0.0030888,           0.0030888,           0.0030888
                 206,            0.014986,            0.013437,           0.0026203,             0.83205,              0.7292,             0.78567,             0.56731,            0.030295,            0.024628,           0.0098105,           0.0030491,           0.0030491,           0.0030491
                 207,            0.015212,            0.013968,           0.0025925,             0.83488,             0.72717,             0.78537,             0.56723,              0.0303,            0.024642,           0.0098156,           0.0030097,           0.0030097,           0.0030097
                 208,            0.014935,            0.013621,           0.0024329,             0.83504,             0.72793,             0.78548,             0.56722,            0.030307,            0.024655,           0.0098225,           0.0029706,           0.0029706,           0.0029706
                 209,            0.014687,            0.013432,           0.0024444,             0.83328,             0.72879,              0.7852,             0.56722,            0.030316,            0.024677,           0.0098306,           0.0029318,           0.0029318,           0.0029318
                 210,            0.014789,            0.013382,           0.0024494,             0.83413,             0.72786,              0.7852,             0.56719,            0.030317,            0.024704,           0.0098363,           0.0028932,           0.0028932,           0.0028932
                 211,            0.014678,             0.01332,           0.0027094,             0.83659,              0.7247,             0.78504,             0.56729,             0.03032,             0.02473,           0.0098383,            0.002855,            0.002855,            0.002855
                 212,            0.014698,            0.013381,           0.0025012,             0.83654,             0.72429,             0.78481,             0.56689,            0.030322,            0.024748,           0.0098378,            0.002817,            0.002817,            0.002817
                 213,            0.014567,            0.013125,           0.0024821,              0.8377,             0.72333,             0.78492,             0.56703,            0.030325,            0.024775,           0.0098349,           0.0027793,           0.0027793,           0.0027793
                 214,            0.014526,            0.013278,           0.0025248,             0.83952,             0.72167,             0.78497,             0.56683,            0.030333,            0.024801,           0.0098354,           0.0027419,           0.0027419,           0.0027419
                 215,            0.014356,            0.013147,           0.0024026,              0.8307,             0.72884,             0.78567,               0.567,            0.030342,             0.02483,           0.0098494,           0.0027048,           0.0027048,           0.0027048
                 216,            0.014485,            0.013055,           0.0024537,             0.83611,             0.72449,             0.78543,             0.56703,            0.030351,            0.024862,           0.0098602,           0.0026681,           0.0026681,           0.0026681
                 217,            0.014311,            0.012913,            0.002441,             0.82579,             0.73215,             0.78544,             0.56699,            0.030358,            0.024886,           0.0098633,           0.0026316,           0.0026316,           0.0026316
                 218,            0.014435,            0.013218,           0.0024099,             0.83301,             0.72645,             0.78539,             0.56699,            0.030364,              0.0249,           0.0098643,           0.0025954,           0.0025954,           0.0025954
                 219,            0.014236,            0.012718,           0.0023386,              0.8335,             0.72638,             0.78564,             0.56733,            0.030377,            0.024918,            0.009865,           0.0025596,           0.0025596,           0.0025596
                 220,            0.014157,            0.012932,           0.0022598,             0.83686,             0.72398,             0.78545,             0.56731,            0.030386,            0.024941,            0.009865,           0.0025241,           0.0025241,           0.0025241
                 221,            0.014159,            0.012962,           0.0022783,             0.83312,              0.7266,             0.78538,             0.56713,            0.030395,            0.024957,           0.0098653,           0.0024889,           0.0024889,           0.0024889
                 222,            0.014127,            0.012841,           0.0022577,              0.8326,             0.72693,             0.78531,             0.56703,            0.030404,            0.024978,           0.0098668,           0.0024541,           0.0024541,           0.0024541
                 223,            0.014045,            0.012821,           0.0023459,             0.83275,             0.72777,              0.7857,             0.56706,            0.030411,            0.025005,           0.0098772,           0.0024195,           0.0024195,           0.0024195
                 224,            0.013919,            0.012863,           0.0022315,             0.83822,             0.72417,             0.78566,             0.56674,             0.03042,            0.025028,           0.0098829,           0.0023854,           0.0023854,           0.0023854
                 225,            0.013975,            0.012657,            0.002155,             0.83419,             0.72689,             0.78542,             0.56684,            0.030427,            0.025054,           0.0098825,           0.0023515,           0.0023515,           0.0023515
                 226,            0.013736,            0.012436,           0.0023079,             0.83385,             0.72725,             0.78548,             0.56702,            0.030437,            0.025088,           0.0098882,            0.002318,            0.002318,            0.002318
                 227,             0.01382,            0.012674,           0.0022244,             0.83811,             0.72454,             0.78531,             0.56694,            0.030446,            0.025121,           0.0098931,           0.0022849,           0.0022849,           0.0022849
                 228,            0.013575,            0.012266,           0.0021614,             0.83691,             0.72537,             0.78514,               0.567,            0.030453,            0.025147,           0.0098954,           0.0022521,           0.0022521,           0.0022521
                 229,            0.013664,            0.012511,           0.0021362,             0.83826,              0.7249,             0.78523,             0.56706,             0.03046,            0.025172,           0.0098988,           0.0022196,           0.0022196,           0.0022196
                 230,            0.013946,            0.012522,           0.0022478,             0.83972,             0.72327,             0.78508,             0.56698,            0.030466,            0.025192,           0.0099001,           0.0021876,           0.0021876,           0.0021876
                 231,             0.01366,            0.012588,           0.0022404,             0.83897,              0.7237,             0.78491,               0.567,            0.030475,            0.025216,           0.0099036,           0.0021558,           0.0021558,           0.0021558
                 232,            0.013606,            0.012397,           0.0022753,             0.83369,             0.72731,             0.78519,             0.56732,            0.030485,            0.025239,           0.0099101,           0.0021245,           0.0021245,           0.0021245
                 233,            0.013303,            0.012449,           0.0021213,             0.83306,             0.72824,             0.78499,             0.56729,            0.030491,             0.02526,           0.0099106,           0.0020935,           0.0020935,           0.0020935
                 234,              0.0133,            0.012254,           0.0019743,             0.83277,             0.72815,             0.78473,             0.56707,            0.030496,            0.025281,           0.0099163,           0.0020629,           0.0020629,           0.0020629
                 235,            0.013425,            0.012169,           0.0022989,             0.83223,             0.72773,             0.78456,             0.56718,            0.030505,            0.025306,           0.0099253,           0.0020327,           0.0020327,           0.0020327
                 236,            0.013322,             0.01205,           0.0020018,             0.83254,             0.72731,             0.78442,             0.56732,            0.030516,            0.025334,           0.0099395,           0.0020028,           0.0020028,           0.0020028
                 237,            0.013301,            0.012171,           0.0019871,             0.83881,             0.72223,             0.78436,             0.56733,            0.030524,            0.025361,           0.0099517,           0.0019734,           0.0019734,           0.0019734
                 238,            0.013299,            0.012026,           0.0020197,             0.83392,             0.72644,             0.78426,              0.5671,            0.030531,             0.02539,           0.0099596,           0.0019443,           0.0019443,           0.0019443
                 239,            0.013056,            0.012243,           0.0020602,             0.83411,             0.72613,             0.78421,             0.56708,            0.030541,            0.025418,           0.0099693,           0.0019156,           0.0019156,           0.0019156
                 240,            0.013136,            0.012138,           0.0020005,             0.83548,             0.72494,               0.784,             0.56706,             0.03055,            0.025442,            0.009974,           0.0018873,           0.0018873,           0.0018873
                 241,            0.013035,            0.012029,           0.0020042,             0.83623,             0.72371,             0.78398,             0.56709,            0.030555,            0.025469,            0.009979,           0.0018594,           0.0018594,           0.0018594
                 242,            0.012889,            0.012006,           0.0019371,             0.83604,             0.72378,             0.78389,               0.567,            0.030564,            0.025498,           0.0099843,           0.0018319,           0.0018319,           0.0018319
                 243,            0.012904,            0.012013,           0.0019274,              0.8384,             0.72119,             0.78383,             0.56699,            0.030572,            0.025528,           0.0099944,           0.0018048,           0.0018048,           0.0018048
                 244,            0.013028,            0.011991,            0.001982,             0.83185,             0.72567,             0.78343,             0.56701,            0.030579,            0.025552,                0.01,           0.0017781,           0.0017781,           0.0017781
                 245,            0.012977,            0.012072,           0.0019991,             0.83053,             0.72625,             0.78345,             0.56685,            0.030587,            0.025579,            0.010008,           0.0017519,           0.0017519,           0.0017519
                 246,            0.012807,            0.012054,           0.0019216,              0.8388,             0.71986,             0.78335,             0.56715,            0.030596,            0.025601,             0.01002,            0.001726,            0.001726,            0.001726
                 247,             0.01278,            0.011705,           0.0019511,             0.84132,              0.7185,             0.78334,             0.56704,            0.030603,            0.025627,            0.010027,           0.0017005,           0.0017005,           0.0017005
                 248,            0.012804,            0.011777,           0.0021191,             0.84123,             0.71829,             0.78339,             0.56733,            0.030611,            0.025657,            0.010031,           0.0016755,           0.0016755,           0.0016755
                 249,            0.012954,            0.011888,           0.0020176,             0.83486,             0.72321,             0.78354,             0.56711,             0.03062,            0.025683,            0.010039,           0.0016509,           0.0016509,           0.0016509
                 250,            0.012701,            0.011577,           0.0020336,              0.8406,             0.71932,             0.78312,             0.56696,            0.030628,            0.025709,            0.010042,           0.0016267,           0.0016267,           0.0016267
                 251,            0.012729,            0.011667,           0.0018528,             0.84149,             0.71763,             0.78302,             0.56705,            0.030635,            0.025736,            0.010047,           0.0016029,           0.0016029,           0.0016029
                 252,            0.012714,            0.011404,           0.0019068,             0.83634,             0.72188,              0.7835,             0.56706,            0.030642,            0.025764,            0.010054,           0.0015795,           0.0015795,           0.0015795
                 253,            0.012541,            0.011459,           0.0019482,             0.83912,             0.71976,             0.78332,             0.56722,            0.030651,            0.025793,            0.010061,           0.0015566,           0.0015566,           0.0015566
                 254,            0.012571,            0.011438,            0.001902,             0.84155,             0.71839,             0.78311,             0.56744,            0.030658,            0.025816,            0.010066,           0.0015341,           0.0015341,           0.0015341
                 255,            0.012514,            0.011547,           0.0018167,             0.83885,             0.71995,             0.78295,              0.5676,            0.030664,            0.025845,            0.010072,           0.0015121,           0.0015121,           0.0015121
                 256,            0.012505,            0.011152,           0.0019334,             0.83892,              0.7197,             0.78302,             0.56766,            0.030668,             0.02587,            0.010075,           0.0014905,           0.0014905,           0.0014905
                 257,            0.012442,            0.011422,           0.0018347,             0.83872,              0.7199,             0.78266,             0.56775,            0.030674,            0.025895,            0.010086,           0.0014693,           0.0014693,           0.0014693
                 258,            0.012475,            0.011272,           0.0019264,             0.83818,             0.71982,             0.78248,             0.56769,            0.030677,            0.025919,             0.01009,           0.0014486,           0.0014486,           0.0014486
